normalize-audio	Normalize Audio (Loudness Standard)	audio	Apply EBU R128 loudness normalization.		loudnorm=I=-16:TP=-1.5:LRA=11
podcast-processing	Podcast Processing	audio	Highpass 80Hz, lowpass 15kHz, loudnorm, neutral volume — the podcast chain.		highpass=f=80,lowpass=f=15000,loudnorm=I=-16:TP=-1.5:LRA=11
bass-boost	Bass Boost	audio	+12dB on the bass band.		bass=g=12
treble-boost	Treble Boost	audio	+10dB on the treble band.		treble=g=10
add-echo	Add Echo Effect	audio	Cascade echo with 200ms delay and 0.4 decay.		aecho=0.8:0.9:200:0.4
add-flanger	Add Flanger Effect	audio	Jet-plane flanger modulation.		flanger
tremolo-effect	Tremolo Effect	audio	5Hz amplitude modulation at depth 0.7.		tremolo=f=5:d=0.7
vibrato-effect	Vibrato Effect	audio	5Hz frequency modulation at depth 0.5.		vibrato=f=5:d=0.5
audio-speed-1_5x	Audio Speed Up 1.5×	audio	Speed up just the audio track to 1.5× without affecting video.	1.5	
audio-slow-0_75x	Audio Slow Down 0.75×	audio	Slow down just the audio track to 0.75× without affecting video.	0.75	
am-bass-dubstep	Bass-Boosted Dubstep Mastering	audio-mastering	Heavy sub-bass boost with surgical EQ — for dubstep, trap, and bass music.		equalizer=f=60:t=q:w=1:g=6,equalizer=f=100:t=q:w=1.5:g=4,equalizer=f=40:t=q:w=2:g=8,acompressor=threshold=-18dB:ratio=3:attack=5:release=80:makeup=2,loudnorm=I=-14:TP=-1:LRA=11,volume=1.3
am-country-trap	Country Trap Mastering	audio-mastering	Warm low-end with scooped mids and crisp highs.		equalizer=f=80:t=q:w=1.2:g=4,equalizer=f=250:t=q:w=1:g=-2,equalizer=f=2500:t=q:w=1:g=3,acompressor=threshold=-16dB:ratio=2.5:attack=10:release=100:makeup=2,aphaser=in_gain=0.4:out_gain=0.74:delay=3:decay=0.4:speed=0.5,chorus=0.5:0.9:50|60:0.4|0.32:0.25|0.4:1|2,loudnorm=I=-14:TP=-1:LRA=11,volume=1.2
am-slushwave	Slushwave Recipe	audio-mastering	Pitched-down, lo-fi, washed-out vaporwave — the canonical slushwave sound.	0.85	asetrate=@SR@*0.85,aresample=@SR@,atempo=1.176471,lowpass=f=8000,highpass=f=80,equalizer=f=400:t=q:w=1:g=2,chorus=0.7:0.9:55|60:0.4|0.32:0.25|0.4:2|1,aecho=0.8:0.9:300|600:0.4|0.3,aphaser=in_gain=0.4:out_gain=0.7:delay=2:decay=0.3:speed=0.5,volume=1.2
am-tidal-ghost	Tidal Ghost Ultimate	audio-mastering	Pitched-down ghostly texture with phaser, flanger, deep echo, and mastering.	0.85	asetrate=@SR@*0.85,aresample=@SR@,atempo=1.176471,flanger=delay=3:depth=4:speed=0.4,aecho=0.8:0.9:500|1000|1500:0.5|0.4|0.3,aphaser=in_gain=0.4:out_gain=0.7:delay=3:decay=0.4:speed=0.5,acompressor=threshold=-20dB:ratio=3:attack=5:release=80:makeup=2,loudnorm=I=-14:TP=-1:LRA=11,volume=1.1
am-ultimate-cd	Ultimate CD Mastering	audio-mastering	Clean, professional CD-quality mastering chain. Multi-band EQ, compression, limiting, normalization.		highpass=f=20,lowpass=f=20000,equalizer=f=40:t=q:w=0.5:g=3,equalizer=f=80:t=q:w=1:g=2,equalizer=f=250:t=q:w=1:g=-1,equalizer=f=2500:t=q:w=1:g=1,equalizer=f=8000:t=q:w=1:g=2,acompressor=threshold=-18dB:ratio=3:attack=5:release=80:makeup=2,alimiter=limit=0.95,loudnorm=I=-14:TP=-1:LRA=11
am-cd-dual-comp	CD Mastering (Dual Compression)	audio-mastering	Two-stage compression for punch and glue. Radio-ready loudness.		acompressor=threshold=-18dB:ratio=3:attack=5:release=80:makeup=2,acompressor=threshold=-12dB:ratio=2:attack=10:release=120:makeup=1.5,alimiter=limit=0.95,loudnorm=I=-14:TP=-1:LRA=11
am-slushwave-bass	Slushwave Bass Preservation	audio-mastering	Slushwave with extra bass body. Heavier than the standard recipe.	0.85	asetrate=@SR@*0.85,aresample=@SR@,atempo=1.176471,lowpass=f=8000,highpass=f=80,equalizer=f=300:t=q:w=1:g=4,equalizer=f=60:t=q:w=1:g=3,chorus=0.5:0.9:50|60:0.4|0.32:0.25|0.4:2|1,aecho=0.8:0.9:400|800:0.4|0.3,aphaser=in_gain=0.4:out_gain=0.7:delay=2:decay=0.3:speed=0.5,volume=1.2
am-daycore-phonk	Daycore Phonk Slush	audio-mastering	Deep-pitched phonk with crushed dynamics and dark atmosphere.	0.75	asetrate=@SR@*0.75,aresample=@SR@,atempo=1.333333,lowpass=f=6000,highpass=f=100,equalizer=f=200:t=q:w=1:g=-2,equalizer=f=80:t=q:w=1:g=4,acompressor=threshold=-15dB:ratio=4:attack=2:release=50:makeup=3,chorus=0.6:0.9:60|70:0.4|0.32:0.25|0.4:2|1,aecho=0.8:0.9:400|800:0.4|0.3,volume=1.1
am-ambient-drone	Ambient Drone v4	audio-mastering	Transform any audio into an ambient, droning soundscape.		lowpass=f=3000,highpass=f=50,aecho=0.8:0.9:500|1000|1500:0.5|0.4|0.3,equalizer=f=400:t=q:w=1:g=2,chorus=0.7:0.9:55|60:0.4|0.32:0.25|0.4:2|1,aphaser=in_gain=0.4:out_gain=0.7:delay=3:decay=0.4:speed=0.5,volume=1.3
am-driftwave	DriftWave Mastering	audio-mastering	Slightly pitched-down with warm compression and smooth limiting.	0.9	asetrate=@SR@*0.9,aresample=@SR@,atempo=1.111111,highpass=f=60,lowpass=f=10000,equalizer=f=100:t=q:w=1:g=2,equalizer=f=400:t=q:w=1:g=1,acompressor=threshold=-18dB:ratio=2.5:attack=10:release=120:makeup=2,alimiter=limit=0.95,loudnorm=I=-14:TP=-1:LRA=11,volume=1.2
am-vhs-warp	VHS Warp Audio	audio-mastering	Audio equivalent of a worn VHS tape. Warbled, echoed, compressed.		highpass=f=100,lowpass=f=8000,aecho=0.8:0.7:30|60|120:0.5|0.4|0.3,tremolo=f=0.5:d=0.7,acompressor=threshold=-15dB:ratio=4:attack=2:release=50:makeup=3,vibrato=f=4:d=0.5,volume=1.0
am-cyber-grind	Cyber Grind Bass	audio-mastering	Extreme sub-bass boost for industrial, cyber, and grindcore aesthetics.		highpass=f=30,lowpass=f=15000,equalizer=f=50:t=q:w=0.7:g=8,equalizer=f=80:t=q:w=1:g=10,acompressor=threshold=-20dB:ratio=4:attack=2:release=50:makeup=3,volume=1.5
am-ethereal-wash	Ethereal Wash	audio-mastering	Dreamy, washed-out audio with cascading echoes and chorus.		aecho=0.8:0.9:200|400|600:0.4|0.3|0.2,highpass=f=80,lowpass=f=6000,equalizer=f=400:t=q:w=1:g=2,chorus=0.7:0.9:55|60:0.4|0.32:0.25|0.4:2|1,aphaser=in_gain=0.4:out_gain=0.7:delay=2:decay=0.3:speed=0.5,volume=1.2
am-nightdrive	Nightdrive Echo	audio-mastering	Late-night driving soundtrack vibe. Long echoes, warm mids, gentle high-end.		aecho=0.8:0.7:100|200|400:0.5|0.4|0.3,highpass=f=100,lowpass=f=12000,equalizer=f=200:t=q:w=1:g=1,equalizer=f=1500:t=q:w=1:g=1,volume=1.0
am-lofi-tape	Lo-Fi Tape Decay	audio-mastering	Degraded, decaying tape sound. Muffled highs, warm lows, flutter and hiss.		highpass=f=200,lowpass=f=7000,equalizer=f=100:t=q:w=2:g=-2,equalizer=f=400:t=q:w=1:g=2,vibrato=f=6:d=0.6,tremolo=f=0.7:d=0.5,volume=1.0
am-digital-glitch	Digital Glitch Wash	audio-mastering	Stuttering, phased, tremolo-washed audio with micro-echoes.		highpass=f=150,lowpass=f=10000,aecho=0.7:0.6:15|30|60:0.5|0.4|0.3,tremolo=f=0.7:d=0.8,aphaser=in_gain=0.4:out_gain=0.7:delay=2:decay=0.3:speed=0.7,volume=1.0
am-void-bass	Void Bass Texture	audio-mastering	Sub-harmonic bass enhancement for dark, void-like textures. Pure low-end power.		highpass=f=25,lowpass=f=20000,equalizer=f=40:t=q:w=0.5:g=6,equalizer=f=60:t=q:w=0.7:g=8,equalizer=f=100:t=q:w=1:g=4,acompressor=threshold=-15dB:ratio=3:attack=5:release=80:makeup=2,volume=1.4
am-crystal-mesh	Crystal Mesh Wash	audio-mastering	Shimmering, crystalline audio with layered echoes and chorus.		aecho=0.8:0.8:150|300|450:0.35|0.3|0.25,highpass=f=120,lowpass=f=8000,equalizer=f=2000:t=q:w=1:g=2,chorus=0.6:0.9:50|60:0.4|0.32:0.25|0.4:2|1,volume=1.1
am-midnight-cascade	Midnight Cascade	audio-mastering	Pitched-down with cascading flanger and warm compression. Dark and flowing.	0.88	asetrate=@SR@*0.88,aresample=@SR@,atempo=1.136364,highpass=f=70,lowpass=f=9000,equalizer=f=100:t=q:w=1:g=2,flanger=delay=4:depth=5:speed=0.3,acompressor=threshold=-18dB:ratio=3:attack=5:release=80:makeup=2,volume=1.2
vocal-removal	Vocal Removal (Karaoke)	audio-repair-utility	Center-channel cancellation. Removes (or attenuates) lead vocals from a stereo mix. Works best on tracks where vocals are panned center.		pan=stereo|c0=c0-c1|c1=c1-c0
isolate-center	Isolate Center (Vocals Only)	audio-repair-utility	Crude vocal isolation: average the L+R channels, then band-pass 200-8000 Hz to remove bass bleed and high hiss.		highpass=f=200,lowpass=f=8000
mono-to-stereo	Mono → Stereo	audio-repair-utility	Duplicate the mono signal to both L and R channels.		pan=stereo|c0=c0|c1=c0
swap-lr	Swap Left / Right	audio-repair-utility	Swap the L and R audio channels.		pan=stereo|c0=c1|c1=c0
noise-gate	Noise Gate (Remove Room Tone)	audio-repair-utility	Attenuate audio below -50 dB. Falls back to a high-pass filter if agate is not compiled into the wasm build.		agate=threshold=-50dB
de-esser	De-Esser (Notch 6kHz)	audio-repair-utility	Apply a narrow EQ notch around 6kHz with -6dB gain to tame sibilant "ess" sounds.		equalizer=f=6000:t=q:w=2:g=-6
telephone	Telephone Effect	audio-repair-utility	Band-pass 400-3400 Hz to simulate a phone call, plus a gentle compressor.		highpass=f=400,lowpass=f=3400,acompressor=threshold=-20dB:ratio=6:attack=20:release=250
megaphone	Megaphone / PA System	audio-repair-utility	Band-pass 500-4000 Hz with a hard compressor and +3.5 dB boost. Sounds like a megaphone.		volume=1.5,highpass=f=500,lowpass=f=4000,acompressor=threshold=-15dB:ratio=8:attack=5:release=100
radio-am	Radio / AM Broadcast	audio-repair-utility	Narrow band EQ 300-5000 Hz with a +1.6 dB boost. Sounds like AM radio.		volume=1.2,highpass=f=300,lowpass=f=5000
underwater	Underwater	audio-repair-utility	Heavy low-pass + multi-tap echo + tremolo. Sounds like being submerged.		lowpass=f=800,aecho=0.8:0.9:100:0.4,tremolo=f=0.3:d=0.3
8d-audio	8D Audio (Rotating Pan)	audio-repair-utility	Auto-pan the audio at 0.08 Hz using apulsator. Falls back to tremolo if apulsator is not compiled in.		apulsator=hz=0.08
pitch-up-5	Pitch Up +5 Semitones (Chipmunk)	audio-repair-utility	Shift pitch up 5 semitones without changing tempo via asetrate + aresample + atempo.		asetrate=@SR@*1.33484,aresample=@SR@,atempo=0.749154
pitch-down-5	Pitch Down −5 Semitones (Deep)	audio-repair-utility	Shift pitch down 5 semitones without changing tempo.		asetrate=@SR@*0.749154,aresample=@SR@,atempo=1.33484
nightcore	Nightcore (+Pitch +Tempo)	audio-repair-utility	The classic nightcore treatment: shift up 1.25× and speed up 1.25× via the Section 26 pitch + tempo controls.	1.25	asetrate=@SR@*1.259921,aresample=@SR@,atempo=0.793701
screwed-chopped	Screwed & Chopped	audio-repair-utility	Slow the audio, add a +6 dB bass boost, and a long echo.	0.8	bass=g=6,aecho=0.8:0.9:80:0.4
