am-bass-dubstep	Bass-Boosted Dubstep Mastering	Heavy sub-bass boost with surgical EQ — for dubstep, trap, and bass music.	equalizer=f=60:t=q:w=1:g=6,equalizer=f=100:t=q:w=1.5:g=4,equalizer=f=40:t=q:w=2:g=8,acompressor=threshold=-18dB:ratio=3:attack=5:release=80:makeup=2,loudnorm=I=-14:TP=-1:LRA=11,volume=1.3
am-country-trap	Country Trap Mastering	Warm low-end with scooped mids and crisp highs.	equalizer=f=80:t=q:w=1.2:g=4,equalizer=f=250:t=q:w=1:g=-2,equalizer=f=2500:t=q:w=1:g=3,acompressor=threshold=-16dB:ratio=2.5:attack=10:release=100:makeup=2,aphaser=in_gain=0.4:out_gain=0.74:delay=3:decay=0.4:speed=0.5,chorus=0.5:0.9:50|60:0.4|0.32:0.25|0.4:1|2,loudnorm=I=-14:TP=-1:LRA=11,volume=1.2
am-slushwave	Slushwave Recipe	Pitched-down, lo-fi, washed-out vaporwave — the canonical slushwave sound.	asetrate=@SR@*0.85,aresample=@SR@,lowpass=f=8000,highpass=f=80,equalizer=f=400:t=q:w=1:g=2,chorus=0.7:0.9:55|60:0.4|0.32:0.25|0.4:2|1,aecho=0.8:0.9:300|600:0.4|0.3,aphaser=in_gain=0.4:out_gain=0.7:delay=2:decay=0.3:speed=0.5,volume=1.2
am-tidal-ghost	Tidal Ghost Ultimate	Pitched-down ghostly texture with phaser, flanger, deep echo, and mastering.	asetrate=@SR@*0.85,aresample=@SR@,flanger=delay=3:depth=4:speed=0.4,aecho=0.8:0.9:500|1000|1500:0.5|0.4|0.3,aphaser=in_gain=0.4:out_gain=0.7:delay=3:decay=0.4:speed=0.5,acompressor=threshold=-20dB:ratio=3:attack=5:release=80:makeup=2,loudnorm=I=-14:TP=-1:LRA=11,volume=1.1
am-ultimate-cd	Ultimate CD Mastering	Clean, professional CD-quality mastering chain. Multi-band EQ, compression, limiting, normalization.	highpass=f=20,lowpass=f=20000,equalizer=f=40:t=q:w=0.5:g=3,equalizer=f=80:t=q:w=1:g=2,equalizer=f=250:t=q:w=1:g=-1,equalizer=f=2500:t=q:w=1:g=1,equalizer=f=8000:t=q:w=1:g=2,acompressor=threshold=-18dB:ratio=3:attack=5:release=80:makeup=2,alimiter=limit=0.95,loudnorm=I=-14:TP=-1:LRA=11
am-cd-dual-comp	CD Mastering (Dual Compression)	Two-stage compression for punch and glue. Radio-ready loudness.	acompressor=threshold=-18dB:ratio=3:attack=5:release=80:makeup=2,acompressor=threshold=-12dB:ratio=2:attack=10:release=120:makeup=1.5,alimiter=limit=0.95,loudnorm=I=-14:TP=-1:LRA=11
am-slushwave-bass	Slushwave Bass Preservation	Slushwave with extra bass body. Heavier than the standard recipe.	asetrate=@SR@*0.85,aresample=@SR@,lowpass=f=8000,highpass=f=80,equalizer=f=300:t=q:w=1:g=4,equalizer=f=60:t=q:w=1:g=3,chorus=0.5:0.9:50|60:0.4|0.32:0.25|0.4:2|1,aecho=0.8:0.9:400|800:0.4|0.3,aphaser=in_gain=0.4:out_gain=0.7:delay=2:decay=0.3:speed=0.5,volume=1.2
am-daycore-phonk	Daycore Phonk Slush	Deep-pitched phonk with crushed dynamics and dark atmosphere.	asetrate=@SR@*0.75,aresample=@SR@,lowpass=f=6000,highpass=f=100,equalizer=f=200:t=q:w=1:g=-2,equalizer=f=80:t=q:w=1:g=4,acompressor=threshold=-15dB:ratio=4:attack=2:release=50:makeup=3,chorus=0.6:0.9:60|70:0.4|0.32:0.25|0.4:2|1,aecho=0.8:0.9:400|800:0.4|0.3,volume=1.1
am-ambient-drone	Ambient Drone v4	Transform any audio into an ambient, droning soundscape.	lowpass=f=3000,highpass=f=50,aecho=0.8:0.9:500|1000|1500:0.5|0.4|0.3,equalizer=f=400:t=q:w=1:g=2,chorus=0.7:0.9:55|60:0.4|0.32:0.25|0.4:2|1,aphaser=in_gain=0.4:out_gain=0.7:delay=3:decay=0.4:speed=0.5,volume=1.3
am-driftwave	DriftWave Mastering	Slightly pitched-down with warm compression and smooth limiting.	asetrate=@SR@*0.9,aresample=@SR@,highpass=f=60,lowpass=f=10000,equalizer=f=100:t=q:w=1:g=2,equalizer=f=400:t=q:w=1:g=1,acompressor=threshold=-18dB:ratio=2.5:attack=10:release=120:makeup=2,alimiter=limit=0.95,loudnorm=I=-14:TP=-1:LRA=11,volume=1.2
am-vhs-warp	VHS Warp Audio	Audio equivalent of a worn VHS tape. Warbled, echoed, compressed.	highpass=f=100,lowpass=f=8000,aecho=0.8:0.7:30|60|120:0.5|0.4|0.3,tremolo=f=0.5:d=0.7,acompressor=threshold=-15dB:ratio=4:attack=2:release=50:makeup=3,vibrato=f=4:d=0.5,volume=1.0
am-cyber-grind	Cyber Grind Bass	Extreme sub-bass boost for industrial, cyber, and grindcore aesthetics.	highpass=f=30,lowpass=f=15000,equalizer=f=50:t=q:w=0.7:g=8,equalizer=f=80:t=q:w=1:g=10,acompressor=threshold=-20dB:ratio=4:attack=2:release=50:makeup=3,volume=1.5
am-ethereal-wash	Ethereal Wash	Dreamy, washed-out audio with cascading echoes and chorus.	aecho=0.8:0.9:200|400|600:0.4|0.3|0.2,highpass=f=80,lowpass=f=6000,equalizer=f=400:t=q:w=1:g=2,chorus=0.7:0.9:55|60:0.4|0.32:0.25|0.4:2|1,aphaser=in_gain=0.4:out_gain=0.7:delay=2:decay=0.3:speed=0.5,volume=1.2
am-nightdrive	Nightdrive Echo	Late-night driving soundtrack vibe. Long echoes, warm mids, gentle high-end.	aecho=0.8:0.7:100|200|400:0.5|0.4|0.3,highpass=f=100,lowpass=f=12000,equalizer=f=200:t=q:w=1:g=1,equalizer=f=1500:t=q:w=1:g=1,volume=1.0
am-lofi-tape	Lo-Fi Tape Decay	Degraded, decaying tape sound. Muffled highs, warm lows, flutter and hiss.	highpass=f=200,lowpass=f=7000,equalizer=f=100:t=q:w=2:g=-2,equalizer=f=400:t=q:w=1:g=2,vibrato=f=6:d=0.6,tremolo=f=0.7:d=0.5,volume=1.0
am-digital-glitch	Digital Glitch Wash	Stuttering, phased, tremolo-washed audio with micro-echoes.	highpass=f=150,lowpass=f=10000,aecho=0.7:0.6:15|30|60:0.5|0.4|0.3,tremolo=f=0.7:d=0.8,aphaser=in_gain=0.4:out_gain=0.7:delay=2:decay=0.3:speed=0.7,volume=1.0
am-void-bass	Void Bass Texture	Sub-harmonic bass enhancement for dark, void-like textures. Pure low-end power.	highpass=f=25,lowpass=f=20000,equalizer=f=40:t=q:w=0.5:g=6,equalizer=f=60:t=q:w=0.7:g=8,equalizer=f=100:t=q:w=1:g=4,acompressor=threshold=-15dB:ratio=3:attack=5:release=80:makeup=2,volume=1.4
am-crystal-mesh	Crystal Mesh Wash	Shimmering, crystalline audio with layered echoes and chorus.	aecho=0.8:0.8:150|300|450:0.35|0.3|0.25,highpass=f=120,lowpass=f=8000,equalizer=f=2000:t=q:w=1:g=2,chorus=0.6:0.9:50|60:0.4|0.32:0.25|0.4:2|1,volume=1.1
am-midnight-cascade	Midnight Cascade	Pitched-down with cascading flanger and warm compression. Dark and flowing.	asetrate=@SR@*0.88,aresample=@SR@,highpass=f=70,lowpass=f=9000,equalizer=f=100:t=q:w=1:g=2,flanger=delay=4:depth=5:speed=0.3,acompressor=threshold=-18dB:ratio=3:attack=5:release=80:makeup=2,volume=1.2
