flip-horizontal	Flip Horizontal (Mirror)	video-editing	Mirror the video horizontally.	hflip
flip-vertical	Flip Vertical	video-editing	Flip the video vertically.	vflip
blockbuster-orange-teal	Blockbuster Orange & Teal	color-grading	Hollywood-style warm highlights and cool shadows.	eq=brightness=-0.02:contrast=1.15:saturation=1.1:gamma=1:gamma_r=1:gamma_g=1:gamma_b=1,colorchannelmixer=rr=1.12:rg=-0.04:rb=-0.15:gr=0:gg=1:gb=0:br=0.08:bg=0:bb=0.88
moody-dark-cinematic	Moody Dark Cinematic	color-grading	High-contrast, low-saturation, blue-shifted shadows.	eq=brightness=-0.08:contrast=1.2:saturation=0.85:gamma=1:gamma_r=1:gamma_g=1:gamma_b=1,colorchannelmixer=rr=0.85:rg=0:rb=0:gr=0:gg=1:gb=0.05:br=0:bg=0:bb=1.15
warm-golden-hour	Warm Golden Hour	color-grading	Warm sunset glow with extra red and yellow.	eq=brightness=0.05:contrast=1:saturation=1.2:gamma=1:gamma_r=1.2:gamma_g=1:gamma_b=0.85
cool-moonlight	Cool Moonlight	color-grading	Cool blue-dominant night-time palette.	eq=brightness=-0.05:contrast=1.1:saturation=0.8:gamma=1:gamma_r=0.85:gamma_g=1:gamma_b=1.3
vhs-retro	VHS Retro Look	color-grading	Vintage VHS with color bleed, scan lines, and film grain.	eq=brightness=0:contrast=0.95:saturation=1.2:gamma=1:gamma_r=1:gamma_g=1:gamma_b=1,noise=alls=15:allf=t+u,geq=lum_expr=if(mod(Y,3),lum(X,Y),255-lum(X,Y)):cb_expr=cb(X,Y):cr_expr=cr(X,Y),lagfun=decay=0.92
vintage-film	Vintage Film	color-grading	Faded, slightly desaturated film with a vignette.	eq=brightness=-0.02:contrast=1.1:saturation=0.75:gamma=1.1:gamma_r=1:gamma_g=1:gamma_b=1,vignette=angle=0.628
sepia-tone	Sepia Tone	color-grading	Classic brownish sepia via channel mixer.	colorchannelmixer=rr=0.393:rg=0.769:rb=0.189:gr=0.349:gg=0.686:gb=0.168:br=0.272:bg=0.534:bb=0.131
high-contrast-bw	High Contrast Black & White	color-grading	Saturation to zero, contrast pushed to 1.4.	eq=brightness=-0.03:contrast=1.4:saturation=0:gamma=1:gamma_r=1:gamma_g=1:gamma_b=1
desaturated-bleach-bypass	Desaturated / Bleach Bypass	color-grading	Half-saturation, high-contrast bleach-bypass look.	eq=brightness=-0.02:contrast=1.3:saturation=0.5:gamma=1:gamma_r=1:gamma_g=1:gamma_b=1
neon-cyberpunk	Neon Cyberpunk	color-grading	Cranked saturation, hue shift, channel split, and lagfun trails.	eq=brightness=-0.05:contrast=1.3:saturation=1.5:gamma=1:gamma_r=1:gamma_g=1:gamma_b=1,hue=h=20:s=1.5,unsharp=5:5:1:5:5:0,geq=r=r(X+8,Y):g=g(X,Y):b=b(X-8,Y),lagfun=decay=0.93
night-vision	Night Vision	color-grading	Green-tinted low-light look with strong noise.	colorchannelmixer=rr=0.1:rg=0.1:rb=0:gr=0.2:gg=1.5:gb=0.2:br=0:bg=0.1:bb=0.1,noise=alls=20:allf=t
film-grain-vignette	Film Grain + Vignette	color-grading	Heavy grain with a subtle vignette.	eq=brightness=0:contrast=1.05:saturation=0.9:gamma=1:gamma_r=1:gamma_g=1:gamma_b=1,noise=alls=15:allf=t+u,vignette=angle=0.6
cross-process	Cross Process	color-grading	Channel-mixed cross-processed look.	colorchannelmixer=rr=1:rg=0.3:rb=-0.2:gr=-0.1:gg=1:gb=0.1:br=0.2:bg=-0.2:bb=1.2
high-key-bright	High Key Bright	color-grading	Bright, low-contrast dreamy highlight look.	eq=brightness=0.1:contrast=0.9:saturation=0.9:gamma=0.85:gamma_r=1:gamma_g=1:gamma_b=1
invert-negative	Invert / Negative	color-grading	Invert all colors (film negative).	eq=brightness=0:contrast=1:saturation=1:gamma=1:gamma_r=1:gamma_g=1:gamma_b=1,negate
datamosh-simulation	Datamosh Simulation	glitch	lagfun + tmix + tblend difference — fake datamoshing.	tmix=frames=8,tblend=all_mode=difference,lagfun=decay=0.97
rgb-channel-split	RGB Channel Split	glitch	Split the R and B channels by 15 pixels.	geq=r=r(X+15,Y):g=g(X,Y):b=b(X-15,Y)
scanline-corruption	Scanline Corruption	glitch	Inverted scanlines every 3 pixels.	geq=lum_expr=if(mod(Y,3),lum(X,Y),255-lum(X,Y)):cb_expr=cb(X,Y):cr_expr=cr(X,Y)
vhs-tracking-error	VHS Tracking Error	glitch	Horizontal-shift glitch with VHS-style noise.	noise=alls=25:allf=t+u,geq=lum_expr=lum(mod(X+random(1)*40,W),Y):cb_expr=cb(mod(X+random(1)*40,W),Y):cr_expr=cr(mod(X+random(1)*40,W),Y)
frame-ghosting	Frame Ghosting	glitch	tmix across 15 frames for heavy ghost trails.	tmix=frames=15
warp-melt	Warp / Melt	glitch	Sin/cos warp distortion across the frame.	geq=lum_expr=lum(X+sin(Y/15)*20,Y+cos(X/15)*20):cb_expr=cb(X,Y):cr_expr=cr(X,Y)
edge-detect-wireframe	Edge Detect Wireframe	glitch	Sobel-style wireframe edge detection.	edgedetect=mode=wires
posterize	Posterize (Limited Colors)	glitch	Quantize each color channel to 3 bits — 8 levels per channel.	lutyuv=y=bitand(val,0xE0):u=val:v=val
color-corruption	Color Corruption	glitch	Per-frame geq color corruption. Each frame re-evaluates the corruption expression using random(1+N), so the effect actually flickers and shifts per frame. This is a SLOW filter (FILTER_COST.geq = 100) and the cost guard will warn on long clips — recommended for clips under 30 seconds.	geq=r=if(between(r(X,Y),50,200),r(X,Y)+(random(1+N)*2-1)*40,r(X,Y)):g=if(between(g(X,Y),50,200),g(X,Y)+(random(1+N)*2-1)*40,g(X,Y)):b=if(between(b(X,Y),50,200),b(X,Y)+(random(1+N)*2-1)*40,b(X,Y))
frame-amplify	Frame Amplify (Motion Trails)	glitch	Amplify inter-frame motion differences.	amplify=radius=3:factor=8:threshold=10
full-crt	Full CRT Monitor	retro-analog	CRT curvature + scanlines + chroma bleed + vignette + slight blur.	boxblur=1:1,vignette=angle=0.5,lenscorrection=k1=0.15:k2=0.15,geq=lum_expr=lum(X,Y)*(1-0.40*mod(Y,3)/3):cb_expr=cb(X,Y):cr_expr=cr(X,Y),chromashift=cbh=2:cbv=0:crh=2:crv=0
vhs-tracking	VHS Tracking Error	retro-analog	Random line displacement + noise + chroma bleed. Classic VHS glitch.	noise=alls=8:allf=t+u,chromashift=cbh=4:cbv=0:crh=4:crv=0,geq=lum_expr=lum(mod(X+12*random(1)*gt(mod(Y,40),36),W),Y):cb_expr=cb(X,Y):cr_expr=cr(X,Y)
signal-dropout	Signal Dropout	retro-analog	Random black frames + static bursts. Lost-signal aesthetic.	noise=alls=12:allf=t+u,geq=lum_expr=if(lt(random(1),0.04),0,lum(X,Y)):cb_expr=cb(X,Y):cr_expr=cr(X,Y)
film-projector	Film Projector	retro-analog	Grain + vertical jitter + vignette + warm grade + occasional white flash.	eq=brightness=0.03:contrast=1.05:saturation=0.85:gamma=1:gamma_r=1:gamma_g=1:gamma_b=1,noise=alls=15:allf=t+u,vignette=angle=0.5
old-film-scratches	Old Film Scratches	retro-analog	Grain + random vertical white lines. Damaged film look.	eq=brightness=0:contrast=1.15:saturation=1:gamma=1:gamma_r=1:gamma_g=1:gamma_b=1,noise=alls=15:allf=t+u
thermal-vision	Thermal Vision	retro-analog	Color-channel mix that biases the image toward a heat palette (warm reds and yellows).	eq=brightness=0:contrast=1.1:saturation=1.4:gamma=1:gamma_r=1:gamma_g=1:gamma_b=1,colorchannelmixer=rr=1.2:rg=0.4:rb=0:gr=0.8:gg=0.4:gb=0:br=0.4:bg=0:bb=0
night-vision-phosphor	Night Vision (Green Phosphor)	retro-analog	Green-channel boost + grain + vignette + slight blur. Night-vision goggles look.	colorchannelmixer=rr=0:rg=0:rb=0:gr=0.2:gg=1.4:gb=0.2:br=0:bg=0.2:bb=0,noise=alls=15:allf=t+u,vignette=angle=0.7
cartoon-cel	Cartoon / Cel Shade	artistic-stylize	Posterize + edge detect + composite edges over the flattened colors. The cel-shaded comic look.	eq=brightness=0:contrast=1:saturation=1.4:gamma=1:gamma_r=1:gamma_g=1:gamma_b=1,edgedetect=mode=colormix,lutyuv=y=bitand(val,0xE0):u=val:v=val
oil-painting	Oil Painting	artistic-stylize	Heavy box blur + unsharp + posterize. Imitates an oil-paint surface.	boxblur=5:5,unsharp=5:5:1.5:5:5:0,lutyuv=y=bitand(val,0xF8):u=val:v=val
halftone	Halftone Print	artistic-stylize	Posterize + geq dot pattern. Mimics newspaper halftone printing.	eq=brightness=0:contrast=1.4:saturation=0:gamma=1:gamma_r=1:gamma_g=1:gamma_b=1,lutyuv=y=bitand(val,0xF0):u=val:v=val
duotone	Duotone (Two-Color Map)	artistic-stylize	Map luminance onto two chosen colors via color-channel mixer. Black shadow → blue midtones → cyan highlight.	colorchannelmixer=rr=0:rg=0:rb=0.2:gr=0:gg=0:gb=0.6:br=0:bg=0:bb=1
solarize	Solarize	artistic-stylize	Invert the upper half of the tonal range. Classic photographic effect.	eq=brightness=0:contrast=1.3:saturation=1:gamma=1:gamma_r=1:gamma_g=1:gamma_b=1
neon-edge	Neon Edge Glow	artistic-stylize	Edge detect with colormix mode + saturation boost + gaussian-blur bloom. A glowing edge look.	eq=brightness=0:contrast=1.2:saturation=1.6:gamma=1:gamma_r=1:gamma_g=1:gamma_b=1,gblur=sigma=3,edgedetect=mode=colormix
chromatic-bloom	Chromatic Bloom	artistic-stylize	Bright areas bleed color. Boost saturation + add a soft blur for a bloom look.	eq=brightness=0.05:contrast=1:saturation=1.5:gamma=1:gamma_r=1:gamma_g=1:gamma_b=1,gblur=sigma=4
mirror-lr	Mirror (Left → Right)	artistic-stylize	Split horizontally, hflip the right half, and hstack the two halves.	hflip
