gl_wipe_radial	st(1,hypot(X/W-0.5,(Y/H-0.5)*H/W)/hypot(0.5,0.5*H/W));if(gte(1-P,ld(1)),B,A)
gl_wipe_radial_in	st(1,hypot(X/W-0.5,(Y/H-0.5)*H/W)/hypot(0.5,0.5*H/W));if(gte(1-P,1-ld(1)),B,A)
gl_wipe_diamond	st(1,abs(X/W-0.5)+abs(Y/H-0.5));if(gte(1-P,ld(1)),B,A)
gl_wipe_clock	st(1,(atan2(X/W-0.5,0.5-Y/H)+PI)/(2*PI));if(gte(1-P,ld(1)),B,A)
gl_wipe_barn_doors	st(1,abs(X/W-0.5)*2);if(gte(1-P,ld(1)),B,A)
gl_wipe_barn_doors_v	st(1,abs(Y/H-0.5)*2);if(gte(1-P,ld(1)),B,A)
gl_wipe_iris_square	st(1,max(abs(X/W-0.5),abs(Y/H-0.5)*H/W)*2);if(gte(1-P,ld(1)),B,A)
gl_wipe_blinds	st(1,mod(X/W*12,1));if(gte(1-P,ld(1)),B,A)
gl_wipe_slices	st(1,floor(Y/H*10));st(2,if(mod(ld(1),2),X/W,1-X/W));if(gte(1-P,ld(2)),B,A)
gl_wipe_dissolve	st(1,mod(sin(X*12.9898+Y*78.233)*43758.5453,1));if(gte(1-P,ld(1)),B,A)
gl_wipe_pixel_blocks	st(1,floor(X/W*16)*12.9898+floor(Y/H*9)*78.233);st(2,mod(sin(ld(1))*43758.5453,1));if(gte(1-P,ld(2)),B,A)
gl_wipe_spiral	st(1,(atan2(X/W-0.5,0.5-Y/H)+PI)/(2*PI));st(2,hypot(X/W-0.5,(Y/H-0.5)*H/W)/hypot(0.5,0.5*H/W));if(gte(1-P,(ld(1)+ld(2))/2),B,A)
